zip,tract,usps_zip_pref_city,usps_zip_pref_state,rent_0br,rent_1br,rent_2br,rent_3br,rent_4br
20019,11001007707,WASHINGTON,DC,1020,1040,1180,1490,1790
20019,11001007808,WASHINGTON,DC,1020,1040,1180,1490,1790
20019,11001009901,WASHINGTON,DC,1020,1040,1180,1490,1790
20019,11001009902,WASHINGTON,DC,1020,1040,1180,1490,1790
20019,11001007806,WASHINGTON,DC,1020,1040,1180,1490,1790
20019,11001009602,WASHINGTON,DC,1020,1040,1180,1490,1790
20019,11001009604,WASHINGTON,DC,1020,1040,1180,1490,1790
20019,11001009907,WASHINGTON,DC,1020,1040,1180,1490,1790
20019,11001007703,WASHINGTON,DC,1020,1040,1180,1490,1790
20019,11001007709,WASHINGTON,DC,1020,1040,1180,1490,1790
20019,11001007803,WASHINGTON,DC,1020,1040,1180,1490,1790
20019,11001009903,WASHINGTON,DC,1020,1040,1180,1490,1790
20019,11001007807,WASHINGTON,DC,1020,1040,1180,1490,1790
20019,11001007708,WASHINGTON,DC,1020,1040,1180,1490,1790
20019,11001007804,WASHINGTON,DC,1020,1040,1180,1490,1790
20019,11001009905,WASHINGTON,DC,1020,1040,1180,1490,1790
20019,11001007809,WASHINGTON,DC,1020,1040,1180,1490,1790
20019,11001009904,WASHINGTON,DC,1020,1040,1180,1490,1790
20019,11001009601,WASHINGTON,DC,1020,1040,1180,1490,1790
20019,11001009906,WASHINGTON,DC,1020,1040,1180,1490,1790
20019,11001009603,WASHINGTON,DC,1020,1040,1180,1490,1790
20530,11001005800,WASHINGTON,DC,1450,1470,1680,2130,2550
20530,11001010100,WASHINGTON,DC,1450,1470,1680,2130,2550
20530,11001006202,WASHINGTON,DC,1450,1470,1680,2130,2550
20421,11001010700,WASHINGTON,DC,1450,1470,1680,2130,2550
20411,11001010200,WASHINGTON,DC,1450,1470,1680,2130,2550
20405,11001010800,WASHINGTON,DC,1450,1470,1680,2130,2550
20527,11001005800,WASHINGTON,DC,1450,1470,1680,2130,2550
20548,11001005900,WASHINGTON,DC,1450,1470,1680,2130,2550
20208,11001005900,WASHINGTON,DC,1450,1470,1680,2130,2550
20002,11001007901,WASHINGTON,DC,1390,1410,1610,2040,2450
20002,11001010600,WASHINGTON,DC,1390,1410,1610,2040,2450
20002,11001009102,WASHINGTON,DC,1390,1410,1610,2040,2450
20002,11001008702,WASHINGTON,DC,1390,1410,1610,2040,2450
20002,11001008302,WASHINGTON,DC,1390,1410,1610,2040,2450
20002,11001009302,WASHINGTON,DC,1390,1410,1610,2040,2450
20002,11001004702,WASHINGTON,DC,1390,1410,1610,2040,2450
20002,11001008701,WASHINGTON,DC,1390,1410,1610,2040,2450
20002,11001011100,WASHINGTON,DC,1390,1410,1610,2040,2450
20002,11001008402,WASHINGTON,DC,1390,1410,1610,2040,2450
20002,11001008200,WASHINGTON,DC,1390,1410,1610,2040,2450
20002,11001003301,WASHINGTON,DC,1390,1410,1610,2040,2450
20002,11001006202,WASHINGTON,DC,1390,1410,1610,2040,2450
20002,11001008804,WASHINGTON,DC,1390,1410,1610,2040,2450
20002,11001008002,WASHINGTON,DC,1390,1410,1610,2040,2450
20002,11001009203,WASHINGTON,DC,1390,1410,1610,2040,2450
20002,11001009204,WASHINGTON,DC,1390,1410,1610,2040,2450
20002,11001008001,WASHINGTON,DC,1390,1410,1610,2040,2450
20002,11001008410,WASHINGTON,DC,1390,1410,1610,2040,2450
20002,11001008904,WASHINGTON,DC,1390,1410,1610,2040,2450
20002,11001004600,WASHINGTON,DC,1390,1410,1610,2040,2450
20002,11001008802,WASHINGTON,DC,1390,1410,1610,2040,2450
20002,11001008301,WASHINGTON,DC,1390,1410,1610,2040,2450
20002,11001008803,WASHINGTON,DC,1390,1410,1610,2040,2450
20002,11001006804,WASHINGTON,DC,1390,1410,1610,2040,2450
20002,11001009201,WASHINGTON,DC,1390,1410,1610,2040,2450
20002,11001003302,WASHINGTON,DC,1390,1410,1610,2040,2450
20002,11001008100,WASHINGTON,DC,1390,1410,1610,2040,2450
20002,11001007903,WASHINGTON,DC,1390,1410,1610,2040,2450
20002,11001004701,WASHINGTON,DC,1390,1410,1610,2040,2450
20002,11001008903,WASHINGTON,DC,1390,1410,1610,2040,2450
20250,11001010200,WASHINGTON,DC,1450,1470,1680,2130,2550
20536,11001006400,WASHINGTON,DC,1450,1470,1680,2130,2550
20536,11001005800,WASHINGTON,DC,1450,1470,1680,2130,2550
20536,11001010200,WASHINGTON,DC,1450,1470,1680,2130,2550
20536,11001004702,WASHINGTON,DC,1450,1470,1680,2130,2550
20515,11001010500,WASHINGTON,DC,1450,1470,1680,2130,2550
20515,11001006202,WASHINGTON,DC,1450,1470,1680,2130,2550
20240,11001010800,WASHINGTON,DC,1450,1470,1680,2130,2550
20240,11001010700,WASHINGTON,DC,1450,1470,1680,2130,2550
20057,11001000202,WASHINGTON,DC,1910,1940,2210,2800,3360
20057,11001000201,WASHINGTON,DC,1910,1940,2210,2800,3360
20040,11001001901,WASHINGTON,DC,1450,1470,1680,2130,2550
20056,11001004300,WASHINGTON,DC,1450,1470,1680,2130,2550
20426,11001010600,WASHINGTON,DC,1450,1470,1680,2130,2550
20552,11001010800,WASHINGTON,DC,1450,1470,1680,2130,2550
20203,11001010700,WASHINGTON,DC,1450,1470,1680,2130,2550
20010,11001002600,WASHINGTON,DC,1650,1680,1910,2420,2900
20010,11001003000,WASHINGTON,DC,1650,1680,1910,2420,2900
20010,11001002900,WASHINGTON,DC,1650,1680,1910,2420,2900
20010,11001002400,WASHINGTON,DC,1650,1680,1910,2420,2900
20010,11001002302,WASHINGTON,DC,1650,1680,1910,2420,2900
20010,11001002502,WASHINGTON,DC,1650,1680,1910,2420,2900
20010,11001002802,WASHINGTON,DC,1650,1680,1910,2420,2900
20010,11001002801,WASHINGTON,DC,1650,1680,1910,2420,2900
20010,11001002701,WASHINGTON,DC,1650,1680,1910,2420,2900
20010,11001003100,WASHINGTON,DC,1650,1680,1910,2420,2900
20010,11001003200,WASHINGTON,DC,1650,1680,1910,2420,2900
20010,11001002702,WASHINGTON,DC,1650,1680,1910,2420,2900
20052,11001010700,WASHINGTON,DC,1870,1910,2170,2790,3380
20052,11001010800,WASHINGTON,DC,1870,1910,2170,2790,3380
20052,11001005600,WASHINGTON,DC,1870,1910,2170,2790,3380
20254,11001010200,WASHINGTON,DC,1870,1910,2170,2790,3380
20211,11001004702,WASHINGTON,DC,1870,1910,2170,2790,3380
20451,11001006202,WASHINGTON,DC,1870,1910,2170,2790,3380
20439,11001010100,WASHINGTON,DC,1870,1910,2170,2790,3380
20579,11001005800,WASHINGTON,DC,1450,1470,1680,2130,2550
20523,11001006202,WASHINGTON,DC,1450,1470,1680,2130,2550
20372,11001005600,WASHINGTON,DC,1450,1470,1680,2130,2550
20372,11001006202,WASHINGTON,DC,1450,1470,1680,2130,2550
20201,11001010500,WASHINGTON,DC,1450,1470,1680,2130,2550
20201,11001006202,WASHINGTON,DC,1450,1470,1680,2130,2550
20456,11001010800,WASHINGTON,DC,1450,1470,1680,2130,2550
20509,11001006202,WASHINGTON,DC,1450,1470,1680,2130,2550
20580,11001006202,WASHINGTON,DC,1450,1470,1680,2130,2550
20415,11001010800,WASHINGTON,DC,1450,1470,1680,2130,2550
20005,11001005201,WASHINGTON,DC,2210,2250,2560,3240,3890
20005,11001004300,WASHINGTON,DC,2210,2250,2560,3240,3890
20005,11001005800,WASHINGTON,DC,2210,2250,2560,3240,3890
20005,11001005001,WASHINGTON,DC,2210,2250,2560,3240,3890
20005,11001005002,WASHINGTON,DC,2210,2250,2560,3240,3890
20005,11001010100,WASHINGTON,DC,2210,2250,2560,3240,3890
20005,11001006202,WASHINGTON,DC,2210,2250,2560,3240,3890
20005,11001005301,WASHINGTON,DC,2210,2250,2560,3240,3890
20047,11001001001,WASHINGTON,DC,2210,2250,2560,3240,3890
20590,11001007200,WASHINGTON,DC,2210,2250,2560,3240,3890
20395,24033802405,WASHINGTON,DC,2210,2250,2560,3240,3890
20227,11001010700,WASHINGTON,DC,2210,2250,2560,3240,3890
20227,11001006202,WASHINGTON,DC,2210,2250,2560,3240,3890
20039,11001001702,WASHINGTON,DC,1450,1470,1680,2130,2550
20235,11001004002,WASHINGTON,DC,1450,1470,1680,2130,2550
20390,11001007000,WASHINGTON,DC,2310,2350,2680,3390,4070
20071,11001010100,WASHINGTON,DC,1450,1470,1680,2130,2550
20408,11001006202,WASHINGTON,DC,1450,1470,1680,2130,2550
20581,11001010700,WASHINGTON,DC,1450,1470,1680,2130,2550
20206,51059451502,WASHINGTON,DC,1450,1470,1680,2130,2550
20053,11001010500,WASHINGTON,DC,1450,1470,1680,2130,2550
20599,24033802405,WASHINGTON,DC,1450,1470,1680,2130,2550
20011,11001001702,WASHINGTON,DC,1240,1260,1440,1820,2190
20011,11001001804,WASHINGTON,DC,1240,1260,1440,1820,2190
20011,11001002502,WASHINGTON,DC,1240,1260,1440,1820,2190
20011,11001009507,WASHINGTON,DC,1240,1260,1440,1820,2190
20011,11001001902,WASHINGTON,DC,1240,1260,1440,1820,2190
20011,11001001803,WASHINGTON,DC,1240,1260,1440,1820,2190
20011,11001002101,WASHINGTON,DC,1240,1260,1440,1820,2190
20011,11001002302,WASHINGTON,DC,1240,1260,1440,1820,2190
20011,11001002201,WASHINGTON,DC,1240,1260,1440,1820,2190
20011,11001002001,WASHINGTON,DC,1240,1260,1440,1820,2190
20011,11001002600,WASHINGTON,DC,1240,1260,1440,1820,2190
20011,11001002202,WASHINGTON,DC,1240,1260,1440,1820,2190
20011,11001002102,WASHINGTON,DC,1240,1260,1440,1820,2190
20011,11001009505,WASHINGTON,DC,1240,1260,1440,1820,2190
20011,11001009508,WASHINGTON,DC,1240,1260,1440,1820,2190
20011,11001002400,WASHINGTON,DC,1240,1260,1440,1820,2190
20011,11001009501,WASHINGTON,DC,1240,1260,1440,1820,2190
20011,11001002002,WASHINGTON,DC,1240,1260,1440,1820,2190
20011,11001002501,WASHINGTON,DC,1240,1260,1440,1820,2190
20011,11001002301,WASHINGTON,DC,1240,1260,1440,1820,2190
20011,11001001901,WASHINGTON,DC,1240,1260,1440,1820,2190
20017,11001009501,WASHINGTON,DC,1350,1380,1570,1990,2390
20017,11001009400,WASHINGTON,DC,1350,1380,1570,1990,2390
20017,11001002302,WASHINGTON,DC,1350,1380,1570,1990,2390
20017,11001009503,WASHINGTON,DC,1350,1380,1570,1990,2390
20017,11001009508,WASHINGTON,DC,1350,1380,1570,1990,2390
20017,11001009204,WASHINGTON,DC,1350,1380,1570,1990,2390
20017,11001009201,WASHINGTON,DC,1350,1380,1570,1990,2390
20017,11001009302,WASHINGTON,DC,1350,1380,1570,1990,2390
20017,11001009301,WASHINGTON,DC,1350,1380,1570,1990,2390
20017,11001009504,WASHINGTON,DC,1350,1380,1570,1990,2390
20017,11001009509,WASHINGTON,DC,1350,1380,1570,1990,2390
20012,11001001901,WASHINGTON,DC,1190,1210,1380,1750,2100
20012,11001001702,WASHINGTON,DC,1190,1210,1380,1750,2100
20012,11001001902,WASHINGTON,DC,1190,1210,1380,1750,2100
20012,11001001600,WASHINGTON,DC,1190,1210,1380,1750,2100
20012,11001001803,WASHINGTON,DC,1190,1210,1380,1750,2100
20012,11001001804,WASHINGTON,DC,1190,1210,1380,1750,2100
20012,11001010300,WASHINGTON,DC,1190,1210,1380,1750,2100
20012,11001009505,WASHINGTON,DC,1190,1210,1380,1750,2100
20374,11001007200,WASHINGTON NAVY YARD,DC,1450,1470,1680,2130,2550
20374,11001006202,WASHINGTON NAVY YARD,DC,1450,1470,1680,2130,2550
20572,11001010100,WASHINGTON,DC,1450,1470,1680,2130,2550
20434,11001010700,WASHINGTON,DC,1450,1470,1680,2130,2550
20244,11001009102,WASHINGTON,DC,1450,1470,1680,2130,2550
20529,11001004702,WASHINGTON,DC,1450,1470,1680,2130,2550
20529,11001005900,WASHINGTON,DC,1450,1470,1680,2130,2550
20529,11001010600,WASHINGTON,DC,1450,1470,1680,2130,2550
20038,11001010800,WASHINGTON,DC,1450,1470,1680,2130,2550
20042,11001009102,WASHINGTON,DC,1450,1470,1680,2130,2550
20542,11001002502,WASHINGTON,DC,1450,1470,1680,2130,2550
20007,11001000802,WASHINGTON,DC,1910,1940,2210,2800,3360
20007,11001000201,WASHINGTON,DC,1910,1940,2210,2800,3360
20007,11001000701,WASHINGTON,DC,1910,1940,2210,2800,3360
20007,11001000300,WASHINGTON,DC,1910,1940,2210,2800,3360
20007,11001000801,WASHINGTON,DC,1910,1940,2210,2800,3360
20007,11001000702,WASHINGTON,DC,1910,1940,2210,2800,3360
20007,11001000202,WASHINGTON,DC,1910,1940,2210,2800,3360
20007,11001000100,WASHINGTON,DC,1910,1940,2210,2800,3360
20007,11001000400,WASHINGTON,DC,1910,1940,2210,2800,3360
20045,11001005800,WASHINGTON,DC,1450,1470,1680,2130,2550
20202,11001010200,WASHINGTON,DC,1450,1470,1680,2130,2550
20202,11001010600,WASHINGTON,DC,1450,1470,1680,2130,2550
20528,11001010400,WASHINGTON,DC,1450,1470,1680,2130,2550
20528,11001005800,WASHINGTON,DC,1450,1470,1680,2130,2550
20522,11001006202,WASHINGTON,DC,1450,1470,1680,2130,2550
20442,11001005900,WASHINGTON,DC,1450,1470,1680,2130,2550
20024,11001010200,WASHINGTON,DC,1710,1740,1980,2510,3010
20024,11001011000,WASHINGTON,DC,1710,1740,1980,2510,3010
20024,11001006400,WASHINGTON,DC,1710,1740,1980,2510,3010
20024,11001006202,WASHINGTON,DC,1710,1740,1980,2510,3010
20024,11001010500,WASHINGTON,DC,1710,1740,1980,2510,3010
20233,24033802001,WASHINGTON,DC,1320,1340,1530,1940,2330
20029,11001009603,WASHINGTON,DC,1450,1470,1680,2130,2550
20033,11001010700,WASHINGTON,DC,1450,1470,1680,2130,2550
20404,11001004702,WASHINGTON,DC,1450,1470,1680,2130,2550
20414,11001010200,WASHINGTON,DC,1450,1470,1680,2130,2550
20507,11001010600,WASHINGTON,DC,1450,1470,1680,2130,2550
20073,11001010100,WASHINGTON,DC,1450,1470,1680,2130,2550
20006,11001006202,WASHINGTON,DC,1620,1650,1880,2380,2860
20006,11001010800,WASHINGTON,DC,1620,1650,1880,2380,2860
20006,11001010700,WASHINGTON,DC,1620,1650,1880,2380,2860
20006,11001010100,WASHINGTON,DC,1620,1650,1880,2380,2860
20004,11001006202,WASHINGTON,DC,2310,2350,2680,3390,4070
20004,11001005800,WASHINGTON,DC,2310,2350,2680,3390,4070
20577,11001010700,WASHINGTON,DC,2310,2350,2680,3390,4070
20577,11001005800,WASHINGTON,DC,2310,2350,2680,3390,4070
20220,11001005800,WASHINGTON,DC,1450,1470,1680,2130,2550
20220,11001006202,WASHINGTON,DC,1450,1470,1680,2130,2550
20436,11001005800,WASHINGTON,DC,1450,1470,1680,2130,2550
20436,11001010200,WASHINGTON,DC,1450,1470,1680,2130,2550
20441,11001003800,WASHINGTON,DC,1450,1470,1680,2130,2550
20303,11001007200,WASHINGTON,DC,1450,1470,1680,2130,2550
20340,11001007301,WASHINGTON,DC,1450,1470,1680,2130,2550
20555,11001010700,WASHINGTON,DC,1450,1470,1680,2130,2550
20370,11001007200,WASHINGTON,DC,1450,1470,1680,2130,2550
20310,51013980100,WASHINGTON,DC,1450,1470,1680,2130,2550
20318,11001009102,WASHINGTON,DC,1450,1470,1680,2130,2550
20560,11001005800,WASHINGTON,DC,1450,1470,1680,2130,2550
20560,11001006202,WASHINGTON,DC,1450,1470,1680,2130,2550
20560,11001010200,WASHINGTON,DC,1450,1470,1680,2130,2550
20410,11001010200,WASHINGTON,DC,1450,1470,1680,2130,2550
20406,51013103402,WASHINGTON,DC,1450,1470,1680,2130,2550
20521,11001006202,WASHINGTON,DC,1450,1470,1680,2130,2550
20066,11001009102,WASHINGTON,DC,1450,1470,1680,2130,2550
20435,11001000100,WASHINGTON,DC,1450,1470,1680,2130,2550
20554,11001010200,WASHINGTON,DC,1450,1470,1680,2130,2550
20090,11001009102,WASHINGTON,DC,1450,1470,1680,2130,2550
20398,11001007200,WASHINGTON NAVY YARD,DC,1450,1470,1680,2130,2550
20557,11001006202,WASHINGTON,DC,1450,1470,1680,2130,2550
20070,51059461602,WASHINGTON,DC,1450,1470,1680,2130,2550
20242,11001006202,WASHINGTON,DC,1450,1470,1680,2130,2550
20242,11001007401,WASHINGTON,DC,1450,1470,1680,2130,2550
20242,11001008803,WASHINGTON,DC,1450,1470,1680,2130,2550
20221,11001005900,WASHINGTON,DC,1450,1470,1680,2130,2550
20221,11001005800,WASHINGTON,DC,1450,1470,1680,2130,2550
20026,11001010200,WASHINGTON,DC,1450,1470,1680,2130,2550
20553,11001010200,WASHINGTON,DC,1450,1470,1680,2130,2550
20058,24031701205,WASHINGTON,DC,1450,1470,1680,2130,2550
20041,51059980200,WASHINGTON,DC,1710,1740,1980,2510,3010
20416,11001010500,WASHINGTON,DC,1710,1740,1980,2510,3010
20204,11001010500,WASHINGTON,DC,1450,1470,1680,2130,2550
20212,11001010600,WASHINGTON,DC,1450,1470,1680,2130,2550
20009,11001005500,WASHINGTON,DC,2250,2290,2610,3300,3970
20009,11001004201,WASHINGTON,DC,2250,2290,2610,3300,3970
20009,11001004300,WASHINGTON,DC,2250,2290,2610,3300,3970
20009,11001005001,WASHINGTON,DC,2250,2290,2610,3300,3970
20009,11001002802,WASHINGTON,DC,2250,2290,2610,3300,3970
20009,11001003900,WASHINGTON,DC,2250,2290,2610,3300,3970
20009,11001005201,WASHINGTON,DC,2250,2290,2610,3300,3970
20009,11001003700,WASHINGTON,DC,2250,2290,2610,3300,3970
20009,11001004400,WASHINGTON,DC,2250,2290,2610,3300,3970
20009,11001004001,WASHINGTON,DC,2250,2290,2610,3300,3970
20009,11001002702,WASHINGTON,DC,2250,2290,2610,3300,3970
20009,11001003600,WASHINGTON,DC,2250,2290,2610,3300,3970
20009,11001005301,WASHINGTON,DC,2250,2290,2610,3300,3970
20009,11001004202,WASHINGTON,DC,2250,2290,2610,3300,3970
20009,11001003000,WASHINGTON,DC,2250,2290,2610,3300,3970
20009,11001004002,WASHINGTON,DC,2250,2290,2610,3300,3970
20009,11001004100,WASHINGTON,DC,2250,2290,2610,3300,3970
20009,11001003800,WASHINGTON,DC,2250,2290,2610,3300,3970
20549,11001005800,WASHINGTON,DC,1450,1470,1680,2130,2550
20549,11001010600,WASHINGTON,DC,1450,1470,1680,2130,2550
20503,11001010700,WASHINGTON,DC,1450,1470,1680,2130,2550
20391,11001007200,WASHINGTON NAVY YARD,DC,1450,1470,1680,2130,2550
20389,24033802405,WASHINGTON,DC,1450,1470,1680,2130,2550
20571,11001010100,WASHINGTON,DC,1450,1470,1680,2130,2550
20388,11001007200,WASHINGTON NAVY YARD,DC,1450,1470,1680,2130,2550
20540,11001006202,WASHINGTON,DC,1450,1470,1680,2130,2550
20510,11001006202,WASHINGTON,DC,1450,1470,1680,2130,2550
20224,11001006202,WASHINGTON,DC,1450,1470,1680,2130,2550
20447,11001010200,WASHINGTON,DC,1450,1470,1680,2130,2550
20245,11001006202,WASHINGTON,DC,1450,1470,1680,2130,2550
20049,11001005800,WASHINGTON,DC,1450,1470,1680,2130,2550
20526,11001010700,WASHINGTON,DC,1450,1470,1680,2130,2550
20425,11001005800,WASHINGTON,DC,1450,1470,1680,2130,2550
20422,11001003301,WASHINGTON,DC,1450,1470,1680,2130,2550
20422,11001002302,WASHINGTON,DC,1450,1470,1680,2130,2550
20020,11001007403,WASHINGTON,DC,1130,1150,1310,1660,1990
20020,11001007409,WASHINGTON,DC,1130,1150,1310,1660,1990
20020,11001007709,WASHINGTON,DC,1130,1150,1310,1660,1990
20020,11001007407,WASHINGTON,DC,1130,1150,1310,1660,1990
20020,11001007605,WASHINGTON,DC,1130,1150,1310,1660,1990
20020,11001009901,WASHINGTON,DC,1130,1150,1310,1660,1990
20020,11001007408,WASHINGTON,DC,1130,1150,1310,1660,1990
20020,11001007604,WASHINGTON,DC,1130,1150,1310,1660,1990
20020,11001007503,WASHINGTON,DC,1130,1150,1310,1660,1990
20020,11001007502,WASHINGTON,DC,1130,1150,1310,1660,1990
20020,11001010400,WASHINGTON,DC,1130,1150,1310,1660,1990
20020,11001007504,WASHINGTON,DC,1130,1150,1310,1660,1990
20020,11001007401,WASHINGTON,DC,1130,1150,1310,1660,1990
20020,11001009902,WASHINGTON,DC,1130,1150,1310,1660,1990
20020,11001007601,WASHINGTON,DC,1130,1150,1310,1660,1990
20020,11001007603,WASHINGTON,DC,1130,1150,1310,1660,1990
20020,11001007404,WASHINGTON,DC,1130,1150,1310,1660,1990
20020,11001007406,WASHINGTON,DC,1130,1150,1310,1660,1990
20065,11001010600,WASHINGTON,DC,1130,1150,1310,1660,1990
20215,11001005900,WASHINGTON,DC,1130,1150,1310,1660,1990
20001,11001005001,WASHINGTON,DC,2180,2220,2530,3200,3840
20001,11001003000,WASHINGTON,DC,2180,2220,2530,3200,3840
20001,11001004701,WASHINGTON,DC,2180,2220,2530,3200,3840
20001,11001003200,WASHINGTON,DC,2180,2220,2530,3200,3840
20001,11001004902,WASHINGTON,DC,2180,2220,2530,3200,3840
20001,11001003302,WASHINGTON,DC,2180,2220,2530,3200,3840
20001,11001004801,WASHINGTON,DC,2180,2220,2530,3200,3840
20001,11001004901,WASHINGTON,DC,2180,2220,2530,3200,3840
20001,11001010100,WASHINGTON,DC,2180,2220,2530,3200,3840
20001,11001005900,WASHINGTON,DC,2180,2220,2530,3200,3840
20001,11001005800,WASHINGTON,DC,2180,2220,2530,3200,3840
20001,11001003301,WASHINGTON,DC,2180,2220,2530,3200,3840
20001,11001003100,WASHINGTON,DC,2180,2220,2530,3200,3840
20001,11001003600,WASHINGTON,DC,2180,2220,2530,3200,3840
20001,11001005002,WASHINGTON,DC,2180,2220,2530,3200,3840
20001,11001004400,WASHINGTON,DC,2180,2220,2530,3200,3840
20001,11001004802,WASHINGTON,DC,2180,2220,2530,3200,3840
20001,11001003400,WASHINGTON,DC,2180,2220,2530,3200,3840
20001,11001003500,WASHINGTON,DC,2180,2220,2530,3200,3840
20001,11001004600,WASHINGTON,DC,2180,2220,2530,3200,3840
20001,11001004702,WASHINGTON,DC,2180,2220,2530,3200,3840
20433,11001010800,WASHINGTON,DC,2180,2220,2530,3200,3840
20433,11001010700,WASHINGTON,DC,2180,2220,2530,3200,3840
20535,11001005900,WASHINGTON,DC,1450,1470,1680,2130,2550
20535,11001005800,WASHINGTON,DC,1450,1470,1680,2130,2550
20069,51059461602,WASHINGTON,DC,1450,1470,1680,2130,2550
20268,11001010100,WASHINGTON,DC,1450,1470,1680,2130,2550
20412,11001010200,WASHINGTON,DC,1450,1470,1680,2130,2550
20032,11001009804,WASHINGTON,DC,1070,1090,1240,1570,1880
20032,11001007304,WASHINGTON,DC,1070,1090,1240,1570,1880
20032,11001009802,WASHINGTON,DC,1070,1090,1240,1570,1880
20032,11001009803,WASHINGTON,DC,1070,1090,1240,1570,1880
20032,11001009801,WASHINGTON,DC,1070,1090,1240,1570,1880
20032,11001009811,WASHINGTON,DC,1070,1090,1240,1570,1880
20032,11001009807,WASHINGTON,DC,1070,1090,1240,1570,1880
20032,11001007301,WASHINGTON,DC,1070,1090,1240,1570,1880
20032,11001007404,WASHINGTON,DC,1070,1090,1240,1570,1880
20032,11001010900,WASHINGTON,DC,1070,1090,1240,1570,1880
20032,11001010400,WASHINGTON,DC,1070,1090,1240,1570,1880
20032,11001009700,WASHINGTON,DC,1070,1090,1240,1570,1880
20032,11001009810,WASHINGTON,DC,1070,1090,1240,1570,1880
20330,51013980100,WASHINGTON,DC,1780,1810,2060,2610,3130
20027,11001000100,WASHINGTON,DC,1450,1470,1680,2130,2550
20229,11001010700,WASHINGTON,DC,1450,1470,1680,2130,2550
20229,11001010200,WASHINGTON,DC,1450,1470,1680,2130,2550
20229,11001010100,WASHINGTON,DC,1450,1470,1680,2130,2550
20229,11001006202,WASHINGTON,DC,1450,1470,1680,2130,2550
20229,11001010600,WASHINGTON,DC,1450,1470,1680,2130,2550
20229,11001005800,WASHINGTON,DC,1450,1470,1680,2130,2550
20229,11001010500,WASHINGTON,DC,1450,1470,1680,2130,2550
20566,11001006202,WASHINGTON,DC,1450,1470,1680,2130,2550
20524,11001010100,WASHINGTON,DC,1450,1470,1680,2130,2550
20585,11001010200,WASHINGTON,DC,1450,1470,1680,2130,2550
20423,11001010500,WASHINGTON,DC,1450,1470,1680,2130,2550
20237,11001010500,WASHINGTON,DC,1450,1470,1680,2130,2550
20076,11001001001,WASHINGTON,DC,1450,1470,1680,2130,2550
20419,11001010700,WASHINGTON,DC,1450,1470,1680,2130,2550
20037,11001004100,WASHINGTON,DC,2050,2090,2390,3060,3710
20037,11001005600,WASHINGTON,DC,2050,2090,2390,3060,3710
20037,11001006202,WASHINGTON,DC,2050,2090,2390,3060,3710
20037,11001005500,WASHINGTON,DC,2050,2090,2390,3060,3710
20037,11001010800,WASHINGTON,DC,2050,2090,2390,3060,3710
20037,11001010700,WASHINGTON,DC,2050,2090,2390,3060,3710
20597,11001010500,WASHINGTON,DC,2050,2090,2390,3060,3710
20597,11001010200,WASHINGTON,DC,2050,2090,2390,3060,3710
20427,11001010700,WASHINGTON,DC,1450,1470,1680,2130,2550
20427,11001010500,WASHINGTON,DC,1450,1470,1680,2130,2550
20055,11001004702,WASHINGTON,DC,1450,1470,1680,2130,2550
20418,11001006202,WASHINGTON,DC,1450,1470,1680,2130,2550
20207,24031704804,WASHINGTON,DC,1450,1470,1680,2130,2550
20228,11001010200,WASHINGTON,DC,1450,1470,1680,2130,2550
20015,11001001401,WASHINGTON,DC,1550,1580,1800,2280,2740
20015,11001001001,WASHINGTON,DC,1550,1580,1800,2280,2740
20015,11001001100,WASHINGTON,DC,1550,1580,1800,2280,2740
20015,11001001500,WASHINGTON,DC,1550,1580,1800,2280,2740
20015,11001001301,WASHINGTON,DC,1550,1580,1800,2280,2740
20015,11001001402,WASHINGTON,DC,1550,1580,1800,2280,2740
20565,11001006202,WASHINGTON,DC,1450,1470,1680,2130,2550
20213,11001005900,WASHINGTON,DC,1450,1470,1680,2130,2550
20506,11001010700,WASHINGTON,DC,1450,1470,1680,2130,2550
20222,11001006202,WASHINGTON,DC,1450,1470,1680,2130,2550
20218,11001010700,WASHINGTON,DC,1450,1470,1680,2130,2550
20428,11001004002,WASHINGTON,DC,1450,1470,1680,2130,2550
20063,11001010700,WASHINGTON,DC,1450,1470,1680,2130,2550
20380,11001007200,WASHINGTON,DC,1450,1470,1680,2130,2550
20350,51013980100,WASHINGTON,DC,1450,1470,1680,2130,2550
20431,11001010800,WASHINGTON,DC,1450,1470,1680,2130,2550
20210,11001005900,WASHINGTON,DC,1450,1470,1680,2130,2550
20504,11001006202,WASHINGTON,DC,1450,1470,1680,2130,2550
20016,11001000600,WASHINGTON,DC,1930,1970,2240,2840,3400
20016,11001001100,WASHINGTON,DC,1930,1970,2240,2840,3400
20016,11001000901,WASHINGTON,DC,1930,1970,2240,2840,3400
20016,11001000701,WASHINGTON,DC,1930,1970,2240,2840,3400
20016,11001001001,WASHINGTON,DC,1930,1970,2240,2840,3400
20016,11001001002,WASHINGTON,DC,1930,1970,2240,2840,3400
20016,11001000400,WASHINGTON,DC,1930,1970,2240,2840,3400
20016,11001001200,WASHINGTON,DC,1930,1970,2240,2840,3400
20016,11001000902,WASHINGTON,DC,1930,1970,2240,2840,3400
20016,11001000801,WASHINGTON,DC,1930,1970,2240,2840,3400
20013,11001010600,WASHINGTON,DC,1450,1470,1680,2130,2550
20036,11001004202,WASHINGTON,DC,1760,1790,2040,2580,3100
20036,11001010100,WASHINGTON,DC,1760,1790,2040,2580,3100
20036,11001005301,WASHINGTON,DC,1760,1790,2040,2580,3100
20036,11001005500,WASHINGTON,DC,1760,1790,2040,2580,3100
20036,11001005201,WASHINGTON,DC,1760,1790,2040,2580,3100
20036,11001010700,WASHINGTON,DC,1760,1790,2040,2580,3100
20444,11001004702,WASHINGTON,DC,1760,1790,2040,2580,3100
20546,11001010500,WASHINGTON,DC,1760,1790,2040,2580,3100
20551,11001006202,WASHINGTON,DC,1450,1470,1680,2130,2550
20319,11001006400,WASHINGTON,DC,1710,1740,1980,2510,3010
20319,11001011000,WASHINGTON,DC,1710,1740,1980,2510,3010
20417,11001010600,WASHINGTON,DC,1710,1740,1980,2510,3010
20539,11001005800,WASHINGTON,DC,1710,1740,1980,2510,3010
20044,11001006202,WASHINGTON,DC,1450,1470,1680,2130,2550
20373,11001007301,NAVAL ANACOST ANNEX,DC,1280,1310,1490,1890,2260
20576,11001005800,WASHINGTON,DC,1280,1310,1490,1890,2260
20239,11001005800,WASHINGTON,DC,1450,1470,1680,2130,2550
20533,11001010100,WASHINGTON,DC,1450,1470,1680,2130,2550
20018,11001009301,WASHINGTON,DC,1020,1040,1180,1490,1790
20018,11001009102,WASHINGTON,DC,1020,1040,1180,1490,1790
20018,11001009000,WASHINGTON,DC,1020,1040,1180,1490,1790
20018,11001009302,WASHINGTON,DC,1020,1040,1180,1490,1790
20018,11001009400,WASHINGTON,DC,1020,1040,1180,1490,1790
20018,11001011100,WASHINGTON,DC,1020,1040,1180,1490,1790
20018,11001009503,WASHINGTON,DC,1020,1040,1180,1490,1790
20376,11001007200,WASHINGTON NAVY YARD,DC,1450,1470,1680,2130,2550
20559,11001006202,WASHINGTON,DC,1450,1470,1680,2130,2550
20541,11001006202,WASHINGTON,DC,1450,1470,1680,2130,2550
20217,11001005900,WASHINGTON,DC,1450,1470,1680,2130,2550
20505,11001010800,WASHINGTON,DC,1450,1470,1680,2130,2550
20035,11001010700,WASHINGTON,DC,1450,1470,1680,2130,2550
20534,11001005900,WASHINGTON,DC,1450,1470,1680,2130,2550
20219,11001010500,WASHINGTON,DC,1450,1470,1680,2130,2550
20219,11001010200,WASHINGTON,DC,1450,1470,1680,2130,2550
20525,11001010100,WASHINGTON,DC,1450,1470,1680,2130,2550
20543,11001006202,WASHINGTON,DC,1450,1470,1680,2130,2550
20403,11001004702,WASHINGTON,DC,1450,1470,1680,2130,2550
20520,11001006202,WASHINGTON,DC,1450,1470,1680,2130,2550
20460,11001006202,WASHINGTON,DC,1450,1470,1680,2130,2550
20402,11001004702,WASHINGTON,DC,1450,1470,1680,2130,2550
20437,11001010700,WASHINGTON,DC,1450,1470,1680,2130,2550
20260,11001008702,WASHINGTON,DC,1450,1470,1680,2130,2550
20260,11001010200,WASHINGTON,DC,1450,1470,1680,2130,2550
20573,11001004702,WASHINGTON,DC,1450,1470,1680,2130,2550
20008,11001004100,WASHINGTON,DC,2240,2280,2600,3290,3950
20008,11001000502,WASHINGTON,DC,2240,2280,2600,3290,3950
20008,11001000501,WASHINGTON,DC,2240,2280,2600,3290,3950
20008,11001000600,WASHINGTON,DC,2240,2280,2600,3290,3950
20008,11001005500,WASHINGTON,DC,2240,2280,2600,3290,3950
20008,11001001200,WASHINGTON,DC,2240,2280,2600,3290,3950
20008,11001000100,WASHINGTON,DC,2240,2280,2600,3290,3950
20008,11001000400,WASHINGTON,DC,2240,2280,2600,3290,3950
20008,11001001302,WASHINGTON,DC,2240,2280,2600,3290,3950
20008,11001001402,WASHINGTON,DC,2240,2280,2600,3290,3950
20008,11001004001,WASHINGTON,DC,2240,2280,2600,3290,3950
20008,11001001100,WASHINGTON,DC,2240,2280,2600,3290,3950
20008,11001001301,WASHINGTON,DC,2240,2280,2600,3290,3950
20544,11001006202,WASHINGTON,DC,1450,1470,1680,2130,2550
20575,11001010700,WASHINGTON,DC,1450,1470,1680,2130,2550
20407,11001010200,WASHINGTON,DC,1450,1470,1680,2130,2550
20508,11001010800,WASHINGTON,DC,1450,1470,1680,2130,2550
20531,11001005800,WASHINGTON,DC,1450,1470,1680,2130,2550
20413,11001010200,WASHINGTON,DC,1450,1470,1680,2130,2550
20570,11001010700,WASHINGTON,DC,1450,1470,1680,2130,2550
20401,11001004702,WASHINGTON,DC,1450,1470,1680,2130,2550
20230,11001006202,WASHINGTON,DC,1450,1470,1680,2130,2550
20230,11001010100,WASHINGTON,DC,1450,1470,1680,2130,2550
20289,11001010200,WASHINGTON,DC,1450,1470,1680,2130,2550
20091,11001005800,WASHINGTON,DC,1450,1470,1680,2130,2550
20270,11001010800,WASHINGTON,DC,1450,1470,1680,2130,2550
20538,11001004702,WASHINGTON,DC,1450,1470,1680,2130,2550
20059,11001003400,WASHINGTON,DC,1450,1470,1680,2130,2550
20059,11001005800,WASHINGTON,DC,1450,1470,1680,2130,2550
20059,11001004400,WASHINGTON,DC,1450,1470,1680,2130,2550
20500,11001006202,WASHINGTON,DC,1450,1470,1680,2130,2550
20591,11001010200,WASHINGTON,DC,1450,1470,1680,2130,2550
20030,11001007603,WASHINGTON,DC,1450,1470,1680,2130,2550
20593,11001010400,WASHINGTON,DC,1450,1470,1680,2130,2550
20547,11001010200,WASHINGTON,DC,1450,1470,1680,2130,2550
20440,11001004202,WASHINGTON,DC,1450,1470,1680,2130,2550
20306,11001010300,WASHINGTON,DC,1450,1470,1680,2130,2550
20064,11001009501,WASHINGTON,DC,1350,1380,1570,1990,2390
20226,11001005800,WASHINGTON,DC,1350,1380,1570,1990,2390
20226,11001010700,WASHINGTON,DC,1350,1380,1570,1990,2390
20226,11001005900,WASHINGTON,DC,1350,1380,1570,1990,2390
20226,11001004600,WASHINGTON,DC,1350,1380,1570,1990,2390
20226,11001010800,WASHINGTON,DC,1350,1380,1570,1990,2390
20226,11001006202,WASHINGTON,DC,1350,1380,1570,1990,2390
20226,11001005600,WASHINGTON,DC,1350,1380,1570,1990,2390
20594,11001010200,WASHINGTON,DC,1350,1380,1570,1990,2390
20429,11001010800,WASHINGTON,DC,1350,1380,1570,1990,2390
20586,11001010700,WASHINGTON,DC,1350,1380,1570,1990,2390
20424,11001010100,WASHINGTON,DC,1450,1470,1680,2130,2550
20003,11001006400,WASHINGTON,DC,2310,2350,2680,3390,4070
20003,11001008100,WASHINGTON,DC,2310,2350,2680,3390,4070
20003,11001007200,WASHINGTON,DC,2310,2350,2680,3390,4070
20003,11001006700,WASHINGTON,DC,2310,2350,2680,3390,4070
20003,11001006500,WASHINGTON,DC,2310,2350,2680,3390,4070
20003,11001007401,WASHINGTON,DC,2310,2350,2680,3390,4070
20003,11001007000,WASHINGTON,DC,2310,2350,2680,3390,4070
20003,11001006802,WASHINGTON,DC,2310,2350,2680,3390,4070
20003,11001006801,WASHINGTON,DC,2310,2350,2680,3390,4070
20003,11001006900,WASHINGTON,DC,2310,2350,2680,3390,4070
20003,11001008200,WASHINGTON,DC,2310,2350,2680,3390,4070
20003,11001010500,WASHINGTON,DC,2310,2350,2680,3390,4070
20003,11001006600,WASHINGTON,DC,2310,2350,2680,3390,4070
20003,11001006804,WASHINGTON,DC,2310,2350,2680,3390,4070
20003,11001008002,WASHINGTON,DC,2310,2350,2680,3390,4070
20003,11001007100,WASHINGTON,DC,2310,2350,2680,3390,4070
20062,11001010700,WASHINGTON,DC,2310,2350,2680,3390,4070
20463,11001005800,WASHINGTON,DC,2310,2350,2680,3390,4070
20216,11001005900,WASHINGTON,DC,2310,2350,2680,3390,4070
20392,11001000400,WASHINGTON,DC,2310,2350,2680,3390,4070
20301,51013980100,WASHINGTON,DC,1780,1810,2060,2610,3130
20420,11001010100,WASHINGTON,DC,1780,1810,2060,2610,3130
20060,11001003400,WASHINGTON,DC,1780,1810,2060,2610,3130
20043,11001010100,WASHINGTON,DC,1450,1470,1680,2130,2550
20375,11001007301,WASHINGTON,DC,1450,1470,1680,2130,2550
20223,11001005800,WASHINGTON,DC,1450,1470,1680,2130,2550
20223,11001010800,WASHINGTON,DC,1450,1470,1680,2130,2550
20223,11001010100,WASHINGTON,DC,1450,1470,1680,2130,2550
20223,11001010700,WASHINGTON,DC,1450,1470,1680,2130,2550
88888,11001009102,NORTH POLE,DC,1450,1470,1680,2130,2550
20241,11001005600,WASHINGTON,DC,1450,1470,1680,2130,2550
20472,11001010200,WASHINGTON,DC,1450,1470,1680,2130,2550
20472,11001005800,WASHINGTON,DC,1450,1470,1680,2130,2550
20472,11001010500,WASHINGTON,DC,1450,1470,1680,2130,2550