tract,cbsa,other_1,other_2,other_3,other_4,other_5,other_6,other_7
51059415100,Washington-Arlington-Alexandria DC--MD-WV,242.99,416.13,530.49,676.2,806.25,962.23,1093.81
51059415200,Washington-Arlington-Alexandria DC--MD-WV,242.99,416.13,530.49,676.2,806.25,962.23,1093.81
51059415300,Washington-Arlington-Alexandria DC--MD-WV,242.99,416.13,530.49,676.2,806.25,962.23,1093.81
51059415401,Washington-Arlington-Alexandria DC--MD-WV,242.99,416.13,530.49,676.2,806.25,962.23,1093.81
51059415402,Washington-Arlington-Alexandria DC--MD-WV,242.99,416.13,530.49,676.2,806.25,962.23,1093.81
51059415500,Washington-Arlington-Alexandria DC--MD-WV,242.99,416.13,530.49,676.2,806.25,962.23,1093.81
51059415600,Washington-Arlington-Alexandria DC--MD-WV,242.99,416.13,530.49,676.2,806.25,962.23,1093.81
51059415700,Washington-Arlington-Alexandria DC--MD-WV,242.99,416.13,530.49,676.2,806.25,962.23,1093.81
51059415800,Washington-Arlington-Alexandria DC--MD-WV,242.99,416.13,530.49,676.2,806.25,962.23,1093.81
51059415900,Washington-Arlington-Alexandria DC--MD-WV,242.99,416.13,530.49,676.2,806.25,962.23,1093.81
51059416000,Washington-Arlington-Alexandria DC--MD-WV,242.99,416.13,530.49,676.2,806.25,962.23,1093.81
51059416100,Washington-Arlington-Alexandria DC--MD-WV,242.99,416.13,530.49,676.2,806.25,962.23,1093.81
51059416200,Washington-Arlington-Alexandria DC--MD-WV,242.99,416.13,530.49,676.2,806.25,962.23,1093.81
51059416300,Washington-Arlington-Alexandria DC--MD-WV,242.99,416.13,530.49,676.2,806.25,962.23,1093.81
51059420100,Washington-Arlington-Alexandria DC--MD-WV,242.99,416.13,530.49,676.2,806.25,962.23,1093.81
51059420201,Washington-Arlington-Alexandria DC--MD-WV,242.99,416.13,530.49,676.2,806.25,962.23,1093.81
51059420202,Washington-Arlington-Alexandria DC--MD-WV,242.99,416.13,530.49,676.2,806.25,962.23,1093.81
51059420203,Washington-Arlington-Alexandria DC--MD-WV,242.99,416.13,530.49,676.2,806.25,962.23,1093.81
51059420300,Washington-Arlington-Alexandria DC--MD-WV,242.99,416.13,530.49,676.2,806.25,962.23,1093.81
51059420400,Washington-Arlington-Alexandria DC--MD-WV,242.99,416.13,530.49,676.2,806.25,962.23,1093.81
51059420501,Washington-Arlington-Alexandria DC--MD-WV,242.99,416.13,530.49,676.2,806.25,962.23,1093.81
51059420502,Washington-Arlington-Alexandria DC--MD-WV,242.99,416.13,530.49,676.2,806.25,962.23,1093.81
51059420503,Washington-Arlington-Alexandria DC--MD-WV,242.99,416.13,530.49,676.2,806.25,962.23,1093.81
51059420600,Washington-Arlington-Alexandria DC--MD-WV,242.99,416.13,530.49,676.2,806.25,962.23,1093.81
51059420700,Washington-Arlington-Alexandria DC--MD-WV,242.99,416.13,530.49,676.2,806.25,962.23,1093.81
51059420800,Washington-Arlington-Alexandria DC--MD-WV,242.99,416.13,530.49,676.2,806.25,962.23,1093.81
51059421001,Washington-Arlington-Alexandria DC--MD-WV,242.99,416.13,530.49,676.2,806.25,962.23,1093.81
51059421002,Washington-Arlington-Alexandria DC--MD-WV,242.99,416.13,530.49,676.2,806.25,962.23,1093.81
51059421101,Washington-Arlington-Alexandria DC--MD-WV,242.99,416.13,530.49,676.2,806.25,962.23,1093.81
51059421102,Washington-Arlington-Alexandria DC--MD-WV,242.99,416.13,530.49,676.2,806.25,962.23,1093.81
51059421103,Washington-Arlington-Alexandria DC--MD-WV,242.99,416.13,530.49,676.2,806.25,962.23,1093.81
51059421200,Washington-Arlington-Alexandria DC--MD-WV,242.99,416.13,530.49,676.2,806.25,962.23,1093.81
51059421300,Washington-Arlington-Alexandria DC--MD-WV,242.99,416.13,530.49,676.2,806.25,962.23,1093.81
51059421400,Washington-Arlington-Alexandria DC--MD-WV,242.99,416.13,530.49,676.2,806.25,962.23,1093.81
51059421500,Washington-Arlington-Alexandria DC--MD-WV,242.99,416.13,530.49,676.2,806.25,962.23,1093.81
51059421600,Washington-Arlington-Alexandria DC--MD-WV,242.99,416.13,530.49,676.2,806.25,962.23,1093.81
51059421701,Washington-Arlington-Alexandria DC--MD-WV,242.99,416.13,530.49,676.2,806.25,962.23,1093.81
51059421702,Washington-Arlington-Alexandria DC--MD-WV,242.99,416.13,530.49,676.2,806.25,962.23,1093.81
51059421800,Washington-Arlington-Alexandria DC--MD-WV,242.99,416.13,530.49,676.2,806.25,962.23,1093.81
51059421900,Washington-Arlington-Alexandria DC--MD-WV,242.99,416.13,530.49,676.2,806.25,962.23,1093.81
51059422000,Washington-Arlington-Alexandria DC--MD-WV,242.99,416.13,530.49,676.2,806.25,962.23,1093.81
51059422101,Washington-Arlington-Alexandria DC--MD-WV,242.99,416.13,530.49,676.2,806.25,962.23,1093.81
51059422102,Washington-Arlington-Alexandria DC--MD-WV,242.99,416.13,530.49,676.2,806.25,962.23,1093.81
51059422201,Washington-Arlington-Alexandria DC--MD-WV,242.99,416.13,530.49,676.2,806.25,962.23,1093.81
51059422202,Washington-Arlington-Alexandria DC--MD-WV,242.99,416.13,530.49,676.2,806.25,962.23,1093.81
51059422301,Washington-Arlington-Alexandria DC--MD-WV,242.99,416.13,530.49,676.2,806.25,962.23,1093.81
51059422302,Washington-Arlington-Alexandria DC--MD-WV,242.99,416.13,530.49,676.2,806.25,962.23,1093.81
51059422401,Washington-Arlington-Alexandria DC--MD-WV,242.99,416.13,530.49,676.2,806.25,962.23,1093.81
51059422402,Washington-Arlington-Alexandria DC--MD-WV,242.99,416.13,530.49,676.2,806.25,962.23,1093.81
51059422403,Washington-Arlington-Alexandria DC--MD-WV,242.99,416.13,530.49,676.2,806.25,962.23,1093.81
51059430101,Washington-Arlington-Alexandria DC--MD-WV,242.99,416.13,530.49,676.2,806.25,962.23,1093.81
51059430102,Washington-Arlington-Alexandria DC--MD-WV,242.99,416.13,530.49,676.2,806.25,962.23,1093.81
51059430201,Washington-Arlington-Alexandria DC--MD-WV,242.99,416.13,530.49,676.2,806.25,962.23,1093.81
51059430202,Washington-Arlington-Alexandria DC--MD-WV,242.99,416.13,530.49,676.2,806.25,962.23,1093.81
51059430203,Washington-Arlington-Alexandria DC--MD-WV,242.99,416.13,530.49,676.2,806.25,962.23,1093.81
51059430400,Washington-Arlington-Alexandria DC--MD-WV,242.99,416.13,530.49,676.2,806.25,962.23,1093.81
51059430500,Washington-Arlington-Alexandria DC--MD-WV,242.99,416.13,530.49,676.2,806.25,962.23,1093.81
51059430600,Washington-Arlington-Alexandria DC--MD-WV,242.99,416.13,530.49,676.2,806.25,962.23,1093.81
51059430700,Washington-Arlington-Alexandria DC--MD-WV,242.99,416.13,530.49,676.2,806.25,962.23,1093.81
51059430801,Washington-Arlington-Alexandria DC--MD-WV,242.99,416.13,530.49,676.2,806.25,962.23,1093.81
51059430802,Washington-Arlington-Alexandria DC--MD-WV,242.99,416.13,530.49,676.2,806.25,962.23,1093.81
51059430901,Washington-Arlington-Alexandria DC--MD-WV,242.99,416.13,530.49,676.2,806.25,962.23,1093.81
51059430902,Washington-Arlington-Alexandria DC--MD-WV,242.99,416.13,530.49,676.2,806.25,962.23,1093.81
51059431001,Washington-Arlington-Alexandria DC--MD-WV,242.99,416.13,530.49,676.2,806.25,962.23,1093.81
51059431002,Washington-Arlington-Alexandria DC--MD-WV,242.99,416.13,530.49,676.2,806.25,962.23,1093.81
51059431300,Washington-Arlington-Alexandria DC--MD-WV,242.99,416.13,530.49,676.2,806.25,962.23,1093.81
51059431400,Washington-Arlington-Alexandria DC--MD-WV,242.99,416.13,530.49,676.2,806.25,962.23,1093.81
51059431500,Washington-Arlington-Alexandria DC--MD-WV,242.99,416.13,530.49,676.2,806.25,962.23,1093.81
51059431601,,242.99,416.13,530.49,676.2,806.25,962.23,1093.81
51059431602,,242.99,416.13,530.49,676.2,806.25,962.23,1093.81
51059431801,Washington-Arlington-Alexandria DC--MD-WV,242.99,416.13,530.49,676.2,806.25,962.23,1093.81
51059431802,Washington-Arlington-Alexandria DC--MD-WV,242.99,416.13,530.49,676.2,806.25,962.23,1093.81
51059431900,Washington-Arlington-Alexandria DC--MD-WV,242.99,416.13,530.49,676.2,806.25,962.23,1093.81
51059432000,Washington-Arlington-Alexandria DC--MD-WV,242.99,416.13,530.49,676.2,806.25,962.23,1093.81
51059432100,Washington-Arlington-Alexandria DC--MD-WV,242.99,416.13,530.49,676.2,806.25,962.23,1093.81
51059432201,Washington-Arlington-Alexandria DC--MD-WV,242.99,416.13,530.49,676.2,806.25,962.23,1093.81
51059432202,Washington-Arlington-Alexandria DC--MD-WV,242.99,416.13,530.49,676.2,806.25,962.23,1093.81
51059432300,Washington-Arlington-Alexandria DC--MD-WV,242.99,416.13,530.49,676.2,806.25,962.23,1093.81
51059432401,Washington-Arlington-Alexandria DC--MD-WV,242.99,416.13,530.49,676.2,806.25,962.23,1093.81
51059432402,Washington-Arlington-Alexandria DC--MD-WV,242.99,416.13,530.49,676.2,806.25,962.23,1093.81
51059432500,Washington-Arlington-Alexandria DC--MD-WV,242.99,416.13,530.49,676.2,806.25,962.23,1093.81
51059432600,Washington-Arlington-Alexandria DC--MD-WV,242.99,416.13,530.49,676.2,806.25,962.23,1093.81
51059432701,Washington-Arlington-Alexandria DC--MD-WV,242.99,416.13,530.49,676.2,806.25,962.23,1093.81
51059432702,Washington-Arlington-Alexandria DC--MD-WV,242.99,416.13,530.49,676.2,806.25,962.23,1093.81
51059432800,Washington-Arlington-Alexandria DC--MD-WV,242.99,416.13,530.49,676.2,806.25,962.23,1093.81
51059440100,Washington-Arlington-Alexandria DC--MD-WV,242.99,416.13,530.49,676.2,806.25,962.23,1093.81
51059440201,Washington-Arlington-Alexandria DC--MD-WV,242.99,416.13,530.49,676.2,806.25,962.23,1093.81
51059440202,Washington-Arlington-Alexandria DC--MD-WV,242.99,416.13,530.49,676.2,806.25,962.23,1093.81
51059440300,Washington-Arlington-Alexandria DC--MD-WV,242.99,416.13,530.49,676.2,806.25,962.23,1093.81
51059440501,Washington-Arlington-Alexandria DC--MD-WV,242.99,416.13,530.49,676.2,806.25,962.23,1093.81
51059440503,,242.99,416.13,530.49,676.2,806.25,962.23,1093.81
51059440504,,242.99,416.13,530.49,676.2,806.25,962.23,1093.81
51059440505,,242.99,416.13,530.49,676.2,806.25,962.23,1093.81
51059440600,Washington-Arlington-Alexandria DC--MD-WV,242.99,416.13,530.49,676.2,806.25,962.23,1093.81
51059440701,Washington-Arlington-Alexandria DC--MD-WV,242.99,416.13,530.49,676.2,806.25,962.23,1093.81
51059440702,Washington-Arlington-Alexandria DC--MD-WV,242.99,416.13,530.49,676.2,806.25,962.23,1093.81
51059440800,Washington-Arlington-Alexandria DC--MD-WV,242.99,416.13,530.49,676.2,806.25,962.23,1093.81
51059450100,Washington-Arlington-Alexandria DC--MD-WV,242.99,416.13,530.49,676.2,806.25,962.23,1093.81
51059450200,Washington-Arlington-Alexandria DC--MD-WV,242.99,416.13,530.49,676.2,806.25,962.23,1093.81
51059450300,Washington-Arlington-Alexandria DC--MD-WV,242.99,416.13,530.49,676.2,806.25,962.23,1093.81
51059450400,Washington-Arlington-Alexandria DC--MD-WV,242.99,416.13,530.49,676.2,806.25,962.23,1093.81
51059450500,Washington-Arlington-Alexandria DC--MD-WV,242.99,416.13,530.49,676.2,806.25,962.23,1093.81
51059450601,Washington-Arlington-Alexandria DC--MD-WV,242.99,416.13,530.49,676.2,806.25,962.23,1093.81
51059450602,Washington-Arlington-Alexandria DC--MD-WV,242.99,416.13,530.49,676.2,806.25,962.23,1093.81
51059450701,Washington-Arlington-Alexandria DC--MD-WV,242.99,416.13,530.49,676.2,806.25,962.23,1093.81
51059450702,Washington-Arlington-Alexandria DC--MD-WV,242.99,416.13,530.49,676.2,806.25,962.23,1093.81
51059450800,Washington-Arlington-Alexandria DC--MD-WV,242.99,416.13,530.49,676.2,806.25,962.23,1093.81
51059450900,Washington-Arlington-Alexandria DC--MD-WV,242.99,416.13,530.49,676.2,806.25,962.23,1093.81
51059451000,Washington-Arlington-Alexandria DC--MD-WV,242.99,416.13,530.49,676.2,806.25,962.23,1093.81
51059451100,Washington-Arlington-Alexandria DC--MD-WV,242.99,416.13,530.49,676.2,806.25,962.23,1093.81
51059451200,Washington-Arlington-Alexandria DC--MD-WV,242.99,416.13,530.49,676.2,806.25,962.23,1093.81
51059451300,Washington-Arlington-Alexandria DC--MD-WV,242.99,416.13,530.49,676.2,806.25,962.23,1093.81
51059451400,Washington-Arlington-Alexandria DC--MD-WV,242.99,416.13,530.49,676.2,806.25,962.23,1093.81
51059451501,Washington-Arlington-Alexandria DC--MD-WV,242.99,416.13,530.49,676.2,806.25,962.23,1093.81
51059451502,Washington-Arlington-Alexandria DC--MD-WV,242.99,416.13,530.49,676.2,806.25,962.23,1093.81
51059451601,Washington-Arlington-Alexandria DC--MD-WV,242.99,416.13,530.49,676.2,806.25,962.23,1093.81
51059451602,Washington-Arlington-Alexandria DC--MD-WV,242.99,416.13,530.49,676.2,806.25,962.23,1093.81
51059451800,Washington-Arlington-Alexandria DC--MD-WV,242.99,416.13,530.49,676.2,806.25,962.23,1093.81
51059451900,Washington-Arlington-Alexandria DC--MD-WV,242.99,416.13,530.49,676.2,806.25,962.23,1093.81
51059452000,Washington-Arlington-Alexandria DC--MD-WV,242.99,416.13,530.49,676.2,806.25,962.23,1093.81
51059452101,Washington-Arlington-Alexandria DC--MD-WV,242.99,416.13,530.49,676.2,806.25,962.23,1093.81
51059452102,Washington-Arlington-Alexandria DC--MD-WV,242.99,416.13,530.49,676.2,806.25,962.23,1093.81
51059452200,Washington-Arlington-Alexandria DC--MD-WV,242.99,416.13,530.49,676.2,806.25,962.23,1093.81
51059452301,Washington-Arlington-Alexandria DC--MD-WV,242.99,416.13,530.49,676.2,806.25,962.23,1093.81
51059452302,Washington-Arlington-Alexandria DC--MD-WV,242.99,416.13,530.49,676.2,806.25,962.23,1093.81
51059452400,Washington-Arlington-Alexandria DC--MD-WV,242.99,416.13,530.49,676.2,806.25,962.23,1093.81
51059452501,Washington-Arlington-Alexandria DC--MD-WV,242.99,416.13,530.49,676.2,806.25,962.23,1093.81
51059452502,Washington-Arlington-Alexandria DC--MD-WV,242.99,416.13,530.49,676.2,806.25,962.23,1093.81
51059452600,Washington-Arlington-Alexandria DC--MD-WV,242.99,416.13,530.49,676.2,806.25,962.23,1093.81
51059452700,Washington-Arlington-Alexandria DC--MD-WV,242.99,416.13,530.49,676.2,806.25,962.23,1093.81
51059452801,Washington-Arlington-Alexandria DC--MD-WV,242.99,416.13,530.49,676.2,806.25,962.23,1093.81
51059452802,Washington-Arlington-Alexandria DC--MD-WV,242.99,416.13,530.49,676.2,806.25,962.23,1093.81
51059460100,Washington-Arlington-Alexandria DC--MD-WV,242.99,416.13,530.49,676.2,806.25,962.23,1093.81
51059460200,Washington-Arlington-Alexandria DC--MD-WV,242.99,416.13,530.49,676.2,806.25,962.23,1093.81
51059460300,Washington-Arlington-Alexandria DC--MD-WV,242.99,416.13,530.49,676.2,806.25,962.23,1093.81
51059460400,Washington-Arlington-Alexandria DC--MD-WV,242.99,416.13,530.49,676.2,806.25,962.23,1093.81
51059460501,Washington-Arlington-Alexandria DC--MD-WV,242.99,416.13,530.49,676.2,806.25,962.23,1093.81
51059460503,,242.99,416.13,530.49,676.2,806.25,962.23,1093.81
51059460504,,242.99,416.13,530.49,676.2,806.25,962.23,1093.81
51059460600,Washington-Arlington-Alexandria DC--MD-WV,242.99,416.13,530.49,676.2,806.25,962.23,1093.81
51059460701,Washington-Arlington-Alexandria DC--MD-WV,242.99,416.13,530.49,676.2,806.25,962.23,1093.81
51059460702,Washington-Arlington-Alexandria DC--MD-WV,242.99,416.13,530.49,676.2,806.25,962.23,1093.81
51059460800,Washington-Arlington-Alexandria DC--MD-WV,242.99,416.13,530.49,676.2,806.25,962.23,1093.81
51059460900,Washington-Arlington-Alexandria DC--MD-WV,242.99,416.13,530.49,676.2,806.25,962.23,1093.81
51059461000,Washington-Arlington-Alexandria DC--MD-WV,242.99,416.13,530.49,676.2,806.25,962.23,1093.81
51059461100,Washington-Arlington-Alexandria DC--MD-WV,242.99,416.13,530.49,676.2,806.25,962.23,1093.81
51059461201,Washington-Arlington-Alexandria DC--MD-WV,242.99,416.13,530.49,676.2,806.25,962.23,1093.81
51059461202,Washington-Arlington-Alexandria DC--MD-WV,242.99,416.13,530.49,676.2,806.25,962.23,1093.81
51059461500,Washington-Arlington-Alexandria DC--MD-WV,242.99,416.13,530.49,676.2,806.25,962.23,1093.81
51059461603,,242.99,416.13,530.49,676.2,806.25,962.23,1093.81
51059461604,,242.99,416.13,530.49,676.2,806.25,962.23,1093.81
51059461605,,242.99,416.13,530.49,676.2,806.25,962.23,1093.81
51059461606,,242.99,416.13,530.49,676.2,806.25,962.23,1093.81
51059461700,Washington-Arlington-Alexandria DC--MD-WV,242.99,416.13,530.49,676.2,806.25,962.23,1093.81
51059461801,Washington-Arlington-Alexandria DC--MD-WV,242.99,416.13,530.49,676.2,806.25,962.23,1093.81
51059461802,Washington-Arlington-Alexandria DC--MD-WV,242.99,416.13,530.49,676.2,806.25,962.23,1093.81
51059461901,Washington-Arlington-Alexandria DC--MD-WV,242.99,416.13,530.49,676.2,806.25,962.23,1093.81
51059461902,Washington-Arlington-Alexandria DC--MD-WV,242.99,416.13,530.49,676.2,806.25,962.23,1093.81
51059470100,Washington-Arlington-Alexandria DC--MD-WV,242.99,416.13,530.49,676.2,806.25,962.23,1093.81
51059470300,Washington-Arlington-Alexandria DC--MD-WV,242.99,416.13,530.49,676.2,806.25,962.23,1093.81
51059470400,Washington-Arlington-Alexandria DC--MD-WV,242.99,416.13,530.49,676.2,806.25,962.23,1093.81
51059470500,Washington-Arlington-Alexandria DC--MD-WV,242.99,416.13,530.49,676.2,806.25,962.23,1093.81
51059470600,Washington-Arlington-Alexandria DC--MD-WV,242.99,416.13,530.49,676.2,806.25,962.23,1093.81
51059470700,Washington-Arlington-Alexandria DC--MD-WV,242.99,416.13,530.49,676.2,806.25,962.23,1093.81
51059470800,Washington-Arlington-Alexandria DC--MD-WV,242.99,416.13,530.49,676.2,806.25,962.23,1093.81
51059470900,Washington-Arlington-Alexandria DC--MD-WV,242.99,416.13,530.49,676.2,806.25,962.23,1093.81
51059471000,Washington-Arlington-Alexandria DC--MD-WV,242.99,416.13,530.49,676.2,806.25,962.23,1093.81
51059471100,Washington-Arlington-Alexandria DC--MD-WV,242.99,416.13,530.49,676.2,806.25,962.23,1093.81
51059471201,Washington-Arlington-Alexandria DC--MD-WV,242.99,416.13,530.49,676.2,806.25,962.23,1093.81
51059471203,,242.99,416.13,530.49,676.2,806.25,962.23,1093.81
51059471204,,242.99,416.13,530.49,676.2,806.25,962.23,1093.81
51059471301,Washington-Arlington-Alexandria DC--MD-WV,242.99,416.13,530.49,676.2,806.25,962.23,1093.81
51059471303,Washington-Arlington-Alexandria DC--MD-WV,242.99,416.13,530.49,676.2,806.25,962.23,1093.81
51059471304,Washington-Arlington-Alexandria DC--MD-WV,242.99,416.13,530.49,676.2,806.25,962.23,1093.81
51059471401,Washington-Arlington-Alexandria DC--MD-WV,242.99,416.13,530.49,676.2,806.25,962.23,1093.81
51059471402,Washington-Arlington-Alexandria DC--MD-WV,242.99,416.13,530.49,676.2,806.25,962.23,1093.81
51059480100,Washington-Arlington-Alexandria DC--MD-WV,242.99,416.13,530.49,676.2,806.25,962.23,1093.81
51059480201,Washington-Arlington-Alexandria DC--MD-WV,242.99,416.13,530.49,676.2,806.25,962.23,1093.81
51059480203,Washington-Arlington-Alexandria DC--MD-WV,242.99,416.13,530.49,676.2,806.25,962.23,1093.81
51059480204,,242.99,416.13,530.49,676.2,806.25,962.23,1093.81
51059480205,,242.99,416.13,530.49,676.2,806.25,962.23,1093.81
51059480301,,242.99,416.13,530.49,676.2,806.25,962.23,1093.81
51059480302,,242.99,416.13,530.49,676.2,806.25,962.23,1093.81
51059480401,Washington-Arlington-Alexandria DC--MD-WV,242.99,416.13,530.49,676.2,806.25,962.23,1093.81
51059480402,Washington-Arlington-Alexandria DC--MD-WV,242.99,416.13,530.49,676.2,806.25,962.23,1093.81
51059480501,Washington-Arlington-Alexandria DC--MD-WV,242.99,416.13,530.49,676.2,806.25,962.23,1093.81
51059480502,Washington-Arlington-Alexandria DC--MD-WV,242.99,416.13,530.49,676.2,806.25,962.23,1093.81
51059480503,Washington-Arlington-Alexandria DC--MD-WV,242.99,416.13,530.49,676.2,806.25,962.23,1093.81
51059480504,Washington-Arlington-Alexandria DC--MD-WV,242.99,416.13,530.49,676.2,806.25,962.23,1093.81
51059480505,Washington-Arlington-Alexandria DC--MD-WV,242.99,416.13,530.49,676.2,806.25,962.23,1093.81
51059480801,Washington-Arlington-Alexandria DC--MD-WV,242.99,416.13,530.49,676.2,806.25,962.23,1093.81
51059480802,Washington-Arlington-Alexandria DC--MD-WV,242.99,416.13,530.49,676.2,806.25,962.23,1093.81
51059480901,Washington-Arlington-Alexandria DC--MD-WV,242.99,416.13,530.49,676.2,806.25,962.23,1093.81
51059480902,Washington-Arlington-Alexandria DC--MD-WV,242.99,416.13,530.49,676.2,806.25,962.23,1093.81
51059480903,Washington-Arlington-Alexandria DC--MD-WV,242.99,416.13,530.49,676.2,806.25,962.23,1093.81
51059481000,Washington-Arlington-Alexandria DC--MD-WV,242.99,416.13,530.49,676.2,806.25,962.23,1093.81
51059481101,Washington-Arlington-Alexandria DC--MD-WV,242.99,416.13,530.49,676.2,806.25,962.23,1093.81
51059481102,Washington-Arlington-Alexandria DC--MD-WV,242.99,416.13,530.49,676.2,806.25,962.23,1093.81
51059481103,Washington-Arlington-Alexandria DC--MD-WV,242.99,416.13,530.49,676.2,806.25,962.23,1093.81
51059481104,Washington-Arlington-Alexandria DC--MD-WV,242.99,416.13,530.49,676.2,806.25,962.23,1093.81
51059481105,Washington-Arlington-Alexandria DC--MD-WV,242.99,416.13,530.49,676.2,806.25,962.23,1093.81
51059481106,Washington-Arlington-Alexandria DC--MD-WV,242.99,416.13,530.49,676.2,806.25,962.23,1093.81
51059481201,Washington-Arlington-Alexandria DC--MD-WV,242.99,416.13,530.49,676.2,806.25,962.23,1093.81
51059481202,Washington-Arlington-Alexandria DC--MD-WV,242.99,416.13,530.49,676.2,806.25,962.23,1093.81
51059481400,Washington-Arlington-Alexandria DC--MD-WV,242.99,416.13,530.49,676.2,806.25,962.23,1093.81
51059481500,Washington-Arlington-Alexandria DC--MD-WV,242.99,416.13,530.49,676.2,806.25,962.23,1093.81
51059481600,Washington-Arlington-Alexandria DC--MD-WV,242.99,416.13,530.49,676.2,806.25,962.23,1093.81
51059481701,Washington-Arlington-Alexandria DC--MD-WV,242.99,416.13,530.49,676.2,806.25,962.23,1093.81
51059481702,Washington-Arlington-Alexandria DC--MD-WV,242.99,416.13,530.49,676.2,806.25,962.23,1093.81
51059481900,Washington-Arlington-Alexandria DC--MD-WV,242.99,416.13,530.49,676.2,806.25,962.23,1093.81
51059482001,Washington-Arlington-Alexandria DC--MD-WV,242.99,416.13,530.49,676.2,806.25,962.23,1093.81
51059482002,Washington-Arlington-Alexandria DC--MD-WV,242.99,416.13,530.49,676.2,806.25,962.23,1093.81
51059482100,Washington-Arlington-Alexandria DC--MD-WV,242.99,416.13,530.49,676.2,806.25,962.23,1093.81
51059482201,Washington-Arlington-Alexandria DC--MD-WV,242.99,416.13,530.49,676.2,806.25,962.23,1093.81
51059482203,Washington-Arlington-Alexandria DC--MD-WV,242.99,416.13,530.49,676.2,806.25,962.23,1093.81
51059482204,,242.99,416.13,530.49,676.2,806.25,962.23,1093.81
51059482205,,242.99,416.13,530.49,676.2,806.25,962.23,1093.81
51059482206,,242.99,416.13,530.49,676.2,806.25,962.23,1093.81
51059482301,Washington-Arlington-Alexandria DC--MD-WV,242.99,416.13,530.49,676.2,806.25,962.23,1093.81
51059482302,Washington-Arlington-Alexandria DC--MD-WV,242.99,416.13,530.49,676.2,806.25,962.23,1093.81
51059482303,Washington-Arlington-Alexandria DC--MD-WV,242.99,416.13,530.49,676.2,806.25,962.23,1093.81
51059482400,Washington-Arlington-Alexandria DC--MD-WV,242.99,416.13,530.49,676.2,806.25,962.23,1093.81
51059482502,Washington-Arlington-Alexandria DC--MD-WV,242.99,416.13,530.49,676.2,806.25,962.23,1093.81
51059482503,Washington-Arlington-Alexandria DC--MD-WV,242.99,416.13,530.49,676.2,806.25,962.23,1093.81
51059482504,Washington-Arlington-Alexandria DC--MD-WV,242.99,416.13,530.49,676.2,806.25,962.23,1093.81
51059482505,,242.99,416.13,530.49,676.2,806.25,962.23,1093.81
51059482506,,242.99,416.13,530.49,676.2,806.25,962.23,1093.81
51059482507,,242.99,416.13,530.49,676.2,806.25,962.23,1093.81
51059482601,Washington-Arlington-Alexandria DC--MD-WV,242.99,416.13,530.49,676.2,806.25,962.23,1093.81
51059482603,,242.99,416.13,530.49,676.2,806.25,962.23,1093.81
51059482604,,242.99,416.13,530.49,676.2,806.25,962.23,1093.81
51059490101,Washington-Arlington-Alexandria DC--MD-WV,242.99,416.13,530.49,676.2,806.25,962.23,1093.81
51059490104,,242.99,416.13,530.49,676.2,806.25,962.23,1093.81
51059490105,,242.99,416.13,530.49,676.2,806.25,962.23,1093.81
51059490501,Washington-Arlington-Alexandria DC--MD-WV,242.99,416.13,530.49,676.2,806.25,962.23,1093.81
51059490502,Washington-Arlington-Alexandria DC--MD-WV,242.99,416.13,530.49,676.2,806.25,962.23,1093.81
51059491000,Washington-Arlington-Alexandria DC--MD-WV,242.99,416.13,530.49,676.2,806.25,962.23,1093.81
51059491101,Washington-Arlington-Alexandria DC--MD-WV,242.99,416.13,530.49,676.2,806.25,962.23,1093.81
51059491102,Washington-Arlington-Alexandria DC--MD-WV,242.99,416.13,530.49,676.2,806.25,962.23,1093.81
51059491103,Washington-Arlington-Alexandria DC--MD-WV,242.99,416.13,530.49,676.2,806.25,962.23,1093.81
51059491201,Washington-Arlington-Alexandria DC--MD-WV,242.99,416.13,530.49,676.2,806.25,962.23,1093.81
51059491202,Washington-Arlington-Alexandria DC--MD-WV,242.99,416.13,530.49,676.2,806.25,962.23,1093.81
51059491301,Washington-Arlington-Alexandria DC--MD-WV,242.99,416.13,530.49,676.2,806.25,962.23,1093.81
51059491302,Washington-Arlington-Alexandria DC--MD-WV,242.99,416.13,530.49,676.2,806.25,962.23,1093.81
51059491303,Washington-Arlington-Alexandria DC--MD-WV,242.99,416.13,530.49,676.2,806.25,962.23,1093.81
51059491401,Washington-Arlington-Alexandria DC--MD-WV,242.99,416.13,530.49,676.2,806.25,962.23,1093.81
51059491402,Washington-Arlington-Alexandria DC--MD-WV,242.99,416.13,530.49,676.2,806.25,962.23,1093.81
51059491403,Washington-Arlington-Alexandria DC--MD-WV,242.99,416.13,530.49,676.2,806.25,962.23,1093.81
51059491404,Washington-Arlington-Alexandria DC--MD-WV,242.99,416.13,530.49,676.2,806.25,962.23,1093.81
51059491405,Washington-Arlington-Alexandria DC--MD-WV,242.99,416.13,530.49,676.2,806.25,962.23,1093.81
51059491501,Washington-Arlington-Alexandria DC--MD-WV,242.99,416.13,530.49,676.2,806.25,962.23,1093.81
51059491502,Washington-Arlington-Alexandria DC--MD-WV,242.99,416.13,530.49,676.2,806.25,962.23,1093.81
51059491601,Washington-Arlington-Alexandria DC--MD-WV,242.99,416.13,530.49,676.2,806.25,962.23,1093.81
51059491602,Washington-Arlington-Alexandria DC--MD-WV,242.99,416.13,530.49,676.2,806.25,962.23,1093.81
51059491701,Washington-Arlington-Alexandria DC--MD-WV,242.99,416.13,530.49,676.2,806.25,962.23,1093.81
51059491703,Washington-Arlington-Alexandria DC--MD-WV,242.99,416.13,530.49,676.2,806.25,962.23,1093.81
51059491704,Washington-Arlington-Alexandria DC--MD-WV,242.99,416.13,530.49,676.2,806.25,962.23,1093.81
51059491705,Washington-Arlington-Alexandria DC--MD-WV,242.99,416.13,530.49,676.2,806.25,962.23,1093.81
51059491706,,242.99,416.13,530.49,676.2,806.25,962.23,1093.81
51059491707,,242.99,416.13,530.49,676.2,806.25,962.23,1093.81
51059491801,Washington-Arlington-Alexandria DC--MD-WV,242.99,416.13,530.49,676.2,806.25,962.23,1093.81
51059491802,Washington-Arlington-Alexandria DC--MD-WV,242.99,416.13,530.49,676.2,806.25,962.23,1093.81
51059491803,Washington-Arlington-Alexandria DC--MD-WV,242.99,416.13,530.49,676.2,806.25,962.23,1093.81
51059492000,Washington-Arlington-Alexandria DC--MD-WV,242.99,416.13,530.49,676.2,806.25,962.23,1093.81
51059492100,Washington-Arlington-Alexandria DC--MD-WV,242.99,416.13,530.49,676.2,806.25,962.23,1093.81
51059492201,Washington-Arlington-Alexandria DC--MD-WV,242.99,416.13,530.49,676.2,806.25,962.23,1093.81
51059492202,Washington-Arlington-Alexandria DC--MD-WV,242.99,416.13,530.49,676.2,806.25,962.23,1093.81
51059492203,Washington-Arlington-Alexandria DC--MD-WV,242.99,416.13,530.49,676.2,806.25,962.23,1093.81
51059492300,Washington-Arlington-Alexandria DC--MD-WV,242.99,416.13,530.49,676.2,806.25,962.23,1093.81
51059492400,Washington-Arlington-Alexandria DC--MD-WV,242.99,416.13,530.49,676.2,806.25,962.23,1093.81
51059492500,Washington-Arlington-Alexandria DC--MD-WV,242.99,416.13,530.49,676.2,806.25,962.23,1093.81
51059980100,Washington-Arlington-Alexandria DC--MD-WV,242.99,416.13,530.49,676.2,806.25,962.23,1093.81
51059980200,Washington-Arlington-Alexandria DC--MD-WV,242.99,416.13,530.49,676.2,806.25,962.23,1093.81
51059980300,Washington-Arlington-Alexandria DC--MD-WV,242.99,416.13,530.49,676.2,806.25,962.23,1093.81